{
  "Name": "Youkai Block Collector Bed",
  "Description": "I stole this from Rafs lmfao xddddddddd why did you read this nerd",
  "ID": 19045,
  "Faction": 0, 
  "Category": 5, 
  "Grade": 3, 
  "Price": 2484, 
  "HP": 800, 
  "Mass": 5,
  
  "Fragility": 0,
  "DamageableType": 0,
  "Rarity": 0,

  "Recipe":  "1, 1, 5, 7, 32, 43, 43, 56",  
  "IconName": "YK_Block_Collector.obj", 
  "MeshName": "YK_Block_Collector.obj", 
  "ColliderMeshName": "YK_Block_Collector.obj", 
  "SupressBoxColliderFallback": true,
  
  "MeshTextureName": "YK_Texture 1.png", 
  "MeshGlossTextureName": "YK_Texture 2.png", 
  
  "BlockExtents":
  {
    "x": 2,
    "y": 1,
    "z": 3
  },
  
   "APs": [ 
    { "x": 0, "y": -0.5, "z": 0 },
    { "x": 0, "y": -0.5, "z": 1 },
    { "x": 0, "y": -0.5, "z": 2 },
    { "x": 1, "y": -0.5, "z": 0 },
    { "x": 1, "y": -0.5, "z": 1 },
    { "x": 1, "y": -0.5, "z": 2 },
    { "x": 0, "y": 0, "z": -0.5 },
    { "x": 1, "y": 0, "z": -0.5 },
    { "x": 0, "y": 0, "z": 2.5 },
    { "x": 1, "y": 0, "z": 2.5 },
    { "x": -0.5, "y": 0, "z": 0 },
    { "x": -0.5, "y": 0, "z": 1 },
    { "x": -0.5, "y": 0, "z": 2 },
    { "x": 1.5, "y": 0, "z": 0 },
    { "x": 1.5, "y": 0, "z": 1 },
    { "x": 1.5, "y": 0, "z": 2 }
  ],
  
  "GamePrefabReference": "BF_Collector_111", 
  "KeepRenderers": true,
  "KeepColliders": false,
  "ReferenceOffset": {
    "x": 0.5,
    "y": 1,
    "z": 0.5
  },
  
  "SubObjects": [
    {
      "SubOverrideName":"m_BF_Collector_111",
      "DestroyExistingRenderer": true
    },
  ],

 "JSONBLOCK": {
    "ModuleItemHolder": {
      "m_CapacityPerStack": 15,
      "m_AcceptFlags": 1,
      "m_OverrideBasePositons": [{ "x": 0.5, "y": 0, "z": 1 }]
	},
  "ModuleItemHolderBeam": {
    "m_BeamBaseHeight": 1.0,
    "m_BeamStrength": 1000.0,
    "m_HeightIncrementScale": 2
  },
  "ModuleItemPickup": {
    "m_PickUpRadiusAngle": 160.0,
    "m_PickupRange": 35.0,
    "m_Priority": 5
  }
  }			
}